<?xml version='1.0' encoding='utf-8' standalone='yes' ?>
<map>
    <int name="AF_CACHE_VERSION" value="2" />
    <boolean name="didSendRevenueTriggerOnLastBackground" value="false" />
    <long name="prev_session_dur" value="7" />
    <long name="af_rc_max_age" value="86400" />
    <boolean name="ddl_sent" value="true" />
    <string name="sentSuccessfully">true</string>
    <string name="af_remote_config">eyJmZWF0dXJlcyI6eyJleGNfbW5nciI6W3siZGF0YSI6eyJ2MSI6eyJzZGtfdmVyIjoiMS45LjkiLCJtaW4iOjEsImV4cGlyZSI6MTB9fX1dfSwidmVyIjoiNDI5NzI5ZmIudjEuMTY4NjI0NzQ4NTAwMCJ9</string>
    <int name="versionCode" value="12194" />
    <string name="savedProperties">{}</string>
    <string name="AF_INSTALLATION">1770658737033-2890680913432124717</string>
    <boolean name="afUninstallToken_queued" value="false" />
    <int name="appsFlyerCount" value="5" />
    <long name="af_rc_timestamp" value="1770987856359" />
    <long name="AppsFlyerTimePassedSincePrevLaunch" value="1770988051938" />
    <int name="af_send_exc_min" value="1" />
    <string name="appsFlyerFirstInstall">2026-02-10_013859+0800</string>
    <string name="attributionId">{&quot;install_time&quot;:&quot;2026-02-09 17:39:01.743&quot;,&quot;af_message&quot;:&quot;organic install&quot;,&quot;af_status&quot;:&quot;Organic&quot;,&quot;is_first_launch&quot;:false}</string>
</map>
