<?xml version='1.0' encoding='utf-8' standalone='yes' ?>
<map>
    <long name="last_upload" value="1770987858964" />
    <long name="first_open_time" value="1770658736786" />
    <string name="gmp_app_id">1:849261369085:android:8648cec101e6ff41</string>
    <string name="app_instance_id">e4e060128aa3bba5532660e812f48855</string>
    <long name="session_id" value="1770987855" />
    <boolean name="app_backgrounded" value="true" />
    <long name="health_monitor:start" value="1770987855520" />
    <boolean name="deferred_analytics_collection" value="false" />
    <long name="last_delete_stale" value="2527206348" />
    <string name="previous_os_version">9</string>
    <boolean name="has_been_opened" value="true" />
    <string name="health_monitor:value">2WC106000:Service invalid</string>
    <boolean name="allow_remote_dynamite" value="true" />
    <long name="last_pause_time" value="1770988058530" />
    <long name="midnight_offset" value="74976641" />
    <boolean name="start_new_session" value="false" />
    <long name="health_monitor:count" value="3" />
    <long name="last_upload_attempt" value="0" />
</map>
