<?xml version='1.0' encoding='utf-8' standalone='yes' ?>
<map>
    <boolean name="RESTRICT_FHD_AND_UHD_RESOLUTION" value="false" />
    <boolean name="FALLBACK_TO_L3_PREFERENCE" value="false" />
    <string name="vr360_support_config_key">vr360_support_video/hevc_3840_1920_25.0_v12.5.3-762-g2baeeaef</string>
    <boolean name="RESTRICT_DOLBY_AUDIO" value="false" />
    <boolean name="RESTRICT_AV1" value="false" />
    <boolean name="vr360_support_result" value="false" />
    <boolean name="RESTRICT_SSAI" value="false" />
</map>
