<?xml version='1.0' encoding='utf-8' standalone='yes' ?>
<map>
    <string name="pfworkid">6ZW-45W-W84Z</string>
    <string name="ict_date:__e82ffbedca5a4a74beb742843946f189:6ZW-45W-W84Z">13022026</string>
    <string name="instance:6ZW-45W-W84Z">{&quot;accountId&quot;:&quot;6ZW-45W-W84Z&quot;,&quot;accountToken&quot;:&quot;054-016&quot;,&quot;analyticsOnly&quot;:false,&quot;isDefaultInstance&quot;:true,&quot;useGoogleAdId&quot;:false,&quot;disableAppLaunchedEvent&quot;:false,&quot;personalization&quot;:true,&quot;debugLevel&quot;:0,&quot;createdPostAppLaunch&quot;:false,&quot;sslPinning&quot;:false,&quot;backgroundSync&quot;:true,&quot;getEnableCustomCleverTapId&quot;:false,&quot;beta&quot;:false,&quot;encryptionLevel&quot;:0,&quot;allowedPushTypes&quot;:[]}</string>
    <int name="comms_last_ts:6ZW-45W-W84Z" value="1770988053" />
    <int name="comms_first_ts:6ZW-45W-W84Z" value="1770658739" />
    <int name="encryptionLevel:6ZW-45W-W84Z" value="0" />
    <int name="encryptionMigrationFailureCount:6ZW-45W-W84Z" value="0" />
    <int name="sexe:6ZW-45W-W84Z" value="1770658772" />
    <int name="lastSessionId:6ZW-45W-W84Z" value="1770658737" />
    <int name="istc_inapp:__e82ffbedca5a4a74beb742843946f189:6ZW-45W-W84Z" value="0" />
    <string name="deviceId:6ZW-45W-W84Z">__e82ffbedca5a4a74beb742843946f189</string>
    <int name="imc:__e82ffbedca5a4a74beb742843946f189:6ZW-45W-W84Z" value="10" />
    <int name="istmcd_inapp:__e82ffbedca5a4a74beb742843946f189:6ZW-45W-W84Z" value="10" />
    <boolean name="OptOut:__e82ffbedca5a4a74beb742843946f189:6ZW-45W-W84Z" value="true" />
    <boolean name="ssInAppMigrated:6ZW-45W-W84Z" value="true" />
    <string name="SP_KEY_PROFILE_IDENTITIES:6ZW-45W-W84Z">Email,Identity</string>
    <long name="last_assets_cleanup" value="1770658740095" />
</map>
