<?xml version='1.0' encoding='utf-8' standalone='yes' ?>
<map>
    <int name="AF_CACHE_VERSION" value="1" />
    <string name="prev_event_name">Homepage_visited</string>
    <boolean name="didSendRevenueTriggerOnLastBackground" value="false" />
    <long name="prev_event_timestamp" value="1770975545156" />
    <int name="appsFlyerInAppEventCount" value="80" />
    <long name="prev_session_dur" value="51" />
    <boolean name="ddl_sent" value="true" />
    <long name="af_rc_max_age" value="86400" />
    <string name="sentSuccessfully">true</string>
    <int name="versionCode" value="204312308" />
    <string name="af_remote_config">eyJmZWF0dXJlcyI6e30sInZlciI6ImRlZmF1bHQudjEuMTYzNzE0OTUyOSJ9</string>
    <string name="savedProperties">{&quot;waitForCustomerId&quot;:&quot;false&quot;,&quot;logLevel&quot;:&quot;0&quot;,&quot;additionalCustomData&quot;:&quot;{\&quot;CleverTapID\&quot;:\&quot;__be94953b8ff74d8fac18568fb7025307\&quot;}&quot;,&quot;AppUserId&quot;:&quot;26b3a6ad-eef1-491e-b8f2-ee6defb7154a&quot;}</string>
    <string name="AF_INSTALLATION">1770879711794-6299755686236239506</string>
    <boolean name="afUninstallToken_queued" value="false" />
    <int name="appsFlyerCount" value="22" />
    <long name="AppsFlyerTimePassedSincePrevLaunch" value="1770975499304" />
    <long name="af_rc_timestamp" value="1770973149055" />
    <string name="appsFlyerFirstInstall">2026-02-12_150152+0800</string>
    <string name="attributionId">{&quot;install_time&quot;:&quot;2026-02-12 07:01:54.379&quot;,&quot;af_message&quot;:&quot;organic install&quot;,&quot;af_status&quot;:&quot;Organic&quot;,&quot;is_first_launch&quot;:false}</string>
</map>
