<?xml version='1.0' encoding='utf-8' standalone='yes' ?>
<map>
    <boolean name="deep_link_retrieval_complete" value="true" />
    <long name="last_upload" value="1770974014211" />
    <long name="first_open_time" value="1770879711094" />
    <string name="gmp_app_id">1:170230826584:android:66cb3020e9577d91</string>
    <string name="app_instance_id">42ed1b3db580217fb24859e96c18c22b</string>
    <long name="deep_link_retrieval_attempts" value="6" />
    <long name="session_id" value="1770973150" />
    <boolean name="app_backgrounded" value="true" />
    <long name="health_monitor:start" value="1770973147932" />
    <boolean name="deferred_analytics_collection" value="false" />
    <long name="last_delete_stale" value="2512498171" />
    <string name="previous_os_version">9</string>
    <boolean name="has_been_opened" value="true" />
    <string name="health_monitor:value">2WC130000:Callable skipped the worker queue.</string>
    <boolean name="allow_remote_dynamite" value="true" />
    <long name="last_pause_time" value="1770975552001" />
    <long name="midnight_offset" value="43427476" />
    <boolean name="start_new_session" value="false" />
    <long name="health_monitor:count" value="20" />
    <long name="last_upload_attempt" value="0" />
</map>
