<?xml version='1.0' encoding='utf-8' standalone='yes' ?>
<map>
    <string name="customerKey">28bbf0a3decf6d1165032bfd835d6e1844c5d44d</string>
    <long name="lastCachedRemoteConfigTimestamp" value="1770985795129" />
    <string name="installed_before">YES</string>
    <string name="session_state_CAT">{&quot;sessionIndex&quot;:16,&quot;storageMechanism&quot;:&quot;LOCAL_STORAGE&quot;,&quot;firstEventTimestamp&quot;:&quot;2026-02-13T12:31:59.111Z&quot;,&quot;firstEventId&quot;:&quot;d9a6e874-4c61-4ac6-ae3f-80a125ea9896&quot;,&quot;sessionId&quot;:&quot;294d2bfb-8100-4fc4-9f18-052b053adbe6&quot;,&quot;previousSessionId&quot;:&quot;0688ddaa-b682-4deb-9da5-1ff85d0442c3&quot;,&quot;userId&quot;:&quot;2f13e8a5-7e2f-4208-a8c3-d7e89eb805ae&quot;}</string>
    <string name="sensorVersion">1.2.1</string>
    <string name="sdkConfig">{&quot;iId&quot;:1279513539,&quot;clId&quot;:&quot;359772260.1638192211.1128091741.1465445561&quot;,&quot;hbi&quot;:55}</string>
    <string name="SPInstallationUserId">2f13e8a5-7e2f-4208-a8c3-d7e89eb805ae</string>
</map>
