<?xml version='1.0' encoding='utf-8' standalone='yes' ?>
<map>
    <string name="customerKey">28bbf0a3decf6d1165032bfd835d6e1844c5d44d</string>
    <long name="lastCachedRemoteConfigTimestamp" value="1770975355720" />
    <string name="installed_before">YES</string>
    <string name="session_state_CAT">{&quot;sessionIndex&quot;:14,&quot;storageMechanism&quot;:&quot;LOCAL_STORAGE&quot;,&quot;firstEventTimestamp&quot;:&quot;2026-02-13T09:38:20.566Z&quot;,&quot;firstEventId&quot;:&quot;55c4c080-9f43-48b4-b746-aa35cc3a6902&quot;,&quot;sessionId&quot;:&quot;8f2c1a54-2558-40d6-98a9-e849aae81b9a&quot;,&quot;previousSessionId&quot;:&quot;f31145ea-5d32-4e18-8551-62cadd60df5a&quot;,&quot;userId&quot;:&quot;2f13e8a5-7e2f-4208-a8c3-d7e89eb805ae&quot;}</string>
    <string name="sensorVersion">1.2.1</string>
    <string name="sdkConfig">{&quot;iId&quot;:1433119422,&quot;clId&quot;:&quot;359772260.1638192211.1128091741.1465445561&quot;}</string>
    <string name="SPInstallationUserId">2f13e8a5-7e2f-4208-a8c3-d7e89eb805ae</string>
</map>
