<?xml version='1.0' encoding='utf-8' standalone='yes' ?>
<map>
    <string name="customerKey">28bbf0a3decf6d1165032bfd835d6e1844c5d44d</string>
    <long name="lastCachedRemoteConfigTimestamp" value="1770973155954" />
    <string name="installed_before">YES</string>
    <string name="session_state_CAT">{&quot;sessionIndex&quot;:4,&quot;storageMechanism&quot;:&quot;LOCAL_STORAGE&quot;,&quot;firstEventTimestamp&quot;:&quot;2026-02-13T08:59:41.753Z&quot;,&quot;firstEventId&quot;:&quot;2a62c92b-736c-4e4d-a6ee-7fc663ed3dda&quot;,&quot;sessionId&quot;:&quot;c49f3e0f-bcbc-4b47-8d57-413d197ff9b3&quot;,&quot;previousSessionId&quot;:&quot;ab999b62-0071-4bea-988f-4dee80798975&quot;,&quot;userId&quot;:&quot;2f13e8a5-7e2f-4208-a8c3-d7e89eb805ae&quot;}</string>
    <string name="sensorVersion">1.2.1</string>
    <string name="sdkConfig">{&quot;iId&quot;:1063129613,&quot;clId&quot;:&quot;359772260.1638192211.1128091741.1465445561&quot;}</string>
    <string name="SPInstallationUserId">2f13e8a5-7e2f-4208-a8c3-d7e89eb805ae</string>
</map>
