<?xml version='1.0' encoding='utf-8' standalone='yes' ?>
<map>
    <set name="fire-installations/18.0.0 fire-rc/22.1.2 fire-fcm-ktx/24.1.2 fire-android/28 fire-abt/21.1.1 fire-core/21.0.0 fire-core-ktx/21.0.0 android-platform/ fire-sessions/2.1.2 fire-cls/19.4.4 android-target-sdk/35 fire-transport/19.0.0 android-min-sdk/26 fire-perf-ktx/21.0.5 device-brand/realme android-installer/com.android.secex kotlin/2.2.21 fire-fcm/24.1.2 fire-perf/21.0.5 fire-analytics/22.5.0 fire-cfg-ktx/22.1.2 device-name/RMX3660 fire-analytics-ktx/22.5.0 device-model/RE588BL1">
        <string>2026-02-13</string>
    </set>
    <string name="last-used-date">2026-02-13</string>
    <long name="fire-count" value="1" />
    <long name="fire-global" value="1770973178896" />
</map>
