<?xml version='1.0' encoding='utf-8' standalone='yes' ?>
<map>
    <int name="d_ts" value="0" />
    <int name="dh" value="0" />
    <int name="hgt" value="14" />
    <string name="av">39.42.3</string>
    <int name="v" value="2" />
    <int name="wdt" value="6" />
    <string name="j_n">ZWtqfAIIBQJkaA==</string>
    <string name="i_n">ZWtqfAIIBQJkaA==</string>
    <int name="r_ts" value="1770975542" />
    <string name="k_n">DHgIfmpvBVBuODdyYWw0KQBWBA1gbDZ6NGxre1AECANlamJ9MWNrKVZWU1IyY2Utb2MzeAQABwcyPjMtM24xLQEBVVA2Y3AW</string>
    <string name="id">RKW-4R7-785Z</string>
    <string name="j_s">{}</string>
</map>
