<?xml version='1.0' encoding='utf-8' standalone='yes' ?>
<map>
    <string name="instance:RKW-4R7-785Z">{&quot;accountId&quot;:&quot;RKW-4R7-785Z&quot;,&quot;accountToken&quot;:&quot;a24-032&quot;,&quot;analyticsOnly&quot;:false,&quot;isDefaultInstance&quot;:false,&quot;useGoogleAdId&quot;:true,&quot;disableAppLaunchedEvent&quot;:false,&quot;personalization&quot;:true,&quot;debugLevel&quot;:0,&quot;createdPostAppLaunch&quot;:true,&quot;sslPinning&quot;:false,&quot;backgroundSync&quot;:true,&quot;getEnableCustomCleverTapId&quot;:false,&quot;beta&quot;:false,&quot;encryptionLevel&quot;:0,&quot;encryptionInTransit&quot;:&quot;0&quot;,&quot;allowedPushTypes&quot;:[]}</string>
    <string name="pfworkid">RKW-4R7-785Z</string>
    <string name="ict_date:__2c1a2bbd9d9742f69d6afb49372a629e:RKW-4R7-785Z">13022026</string>
    <string name="variablesKey:RKW-4R7-785Z">{}</string>
    <int name="comms_last_ts:RKW-4R7-785Z" value="1770975548" />
    <int name="encryptionLevel:RKW-4R7-785Z" value="0" />
    <string name="ict_date:__be94953b8ff74d8fac18568fb7025307:RKW-4R7-785Z">13022026</string>
    <int name="sexe:RKW-4R7-785Z" value="1770975551" />
    <string name="SP_KEY_PROFILE_IDENTITIES:RKW-4R7-785Z">Email,Identity</string>
    <int name="cachedGUIDsLengthKey:RKW-4R7-785Z" value="4" />
    <int name="istc_inapp:__2c1a2bbd9d9742f69d6afb49372a629e:RKW-4R7-785Z" value="0" />
    <boolean name="ssInAppMigrated:RKW-4R7-785Z" value="true" />
    <int name="imc:__2c1a2bbd9d9742f69d6afb49372a629e:RKW-4R7-785Z" value="1" />
    <int name="comms_first_ts:RKW-4R7-785Z" value="1770975546" />
    <int name="comms_mtd:RKW-4R7-785Z" value="0" />
    <int name="istmcd_inapp:__be94953b8ff74d8fac18568fb7025307:RKW-4R7-785Z" value="10" />
    <int name="istmcd_inapp:__2c1a2bbd9d9742f69d6afb49372a629e:RKW-4R7-785Z" value="10" />
    <int name="istc_inapp:__be94953b8ff74d8fac18568fb7025307:RKW-4R7-785Z" value="2" />
    <string name="cachedGUIDsKey:RKW-4R7-785Z">{&quot;Email_N\/A&quot;:&quot;__be94953b8ff74d8fac18568fb7025307&quot;,&quot;Identity_Z5X_4d9be966fb2f5976d1c690b4972006f99bdfbfe97f89a36063edafd4cf31dda9&quot;:&quot;__be94953b8ff74d8fac18568fb7025307&quot;,&quot;Email_&quot;:&quot;__2c1a2bbd9d9742f69d6afb49372a629e&quot;,&quot;Identity_26b3a6ad-eef1-491e-b8f2-ee6defb7154a&quot;:&quot;__2c1a2bbd9d9742f69d6afb49372a629e&quot;}</string>
    <int name="encryptionMigrationFailureCount:RKW-4R7-785Z" value="0" />
    <string name="comms_dmn:RKW-4R7-785Z">in1.clevertap-prod.com</string>
    <int name="imc:__be94953b8ff74d8fac18568fb7025307:RKW-4R7-785Z" value="1" />
    <string name="deviceId:RKW-4R7-785Z">__2c1a2bbd9d9742f69d6afb49372a629e</string>
    <string name="comms_dmn_spiky:RKW-4R7-785Z">in1-spiky.clevertap-prod.com</string>
    <int name="lastSessionId:RKW-4R7-785Z" value="1770975543" />
    <long name="last_assets_cleanup" value="1770879717275" />
</map>
