{"Fid":"cbt037bAQseHzCBk89iyp2","Status":3,"AuthToken":"eyJhbGciOiJFUzI1NiIsInR5cCI6IkpXVCJ9.eyJhcHBJZCI6IjE6ODQ5MjYxMzY5MDg1OmFuZHJvaWQ6ODY0OGNlYzEwMWU2ZmY0MSIsImV4cCI6MTc3MTMxNTI3MCwiZmlkIjoiY2J0MDM3YkFRc2VIekNCazg5aXlwMiIsInByb2plY3ROdW1iZXIiOjg0OTI2MTM2OTA4NX0.AB2LPV8wRQIgMF7aQouQvzAzA1joGR6N7NmySTIW1okfAwLjYS8qjBUCIQDBKC8W98NqxqZ6QNhXweUeOJis6JFhmbnoi_WTVDBm8A","RefreshToken":"3_AS3qfwKpWkg3Xun55zG8YttLPXmqcuXI7lF-DvW5YVU1xGju7bdD77SKYEMKFkJ8Mt-z3H0WRn4GwCqUAtXwysz7heFH_RrU4GVHfQ031feCUg","TokenCreationEpochInSecs":1770710470,"ExpiresInSecs":604800}